Song,Artist,Lyrics,Joy_GPT,Trust_GPT,Fear_GPT,Surprise_GPT,Sadness_GPT,Disgust_GPT,Anger_GPT,Anticipation_GPT,Joy_NB,Trust_NB,Fear_NB,Surprise_NB,Sadness_NB,Disgust_NB,Anger_NB,Anticipation_NB,Joy_BERT,Trust_BERT,Fear_BERT,Surprise_BERT,Sadness_BERT,Disgust_BERT,Anger_BERT,Anticipation_BERT
This is America,Childish Gambino,yeah yeah yeah yeah yeah yeah yeah yeah go go away yeah yeah yeah yeah yeah yeah yeah yeah go go away yeah yeah yeah yeah yeah yeah yeah yeah go go away yeah yeah yeah yeah yeah yeah yeah yeah go go a...,1,0,1,0,0,0,1,1,1.0,1.0,0.0,0.0,0.0,1.0,0.0,0.0,0.66,0.56,0.08,0.04,0.12,0.14,0.15,0.76
deepfacke,brakence,i am using my imagination i am using my imagination i am using my imagination i am using my imagination i am using my imagination i dont know how much more i can take cause im gonna need more than sun...,0,0,1,0,1,0,1,1,0.0,0.0,0.0,0.0,0.0,0.0,0.0,0.0,0.14,0.21,0.81,0.8,0.9,0.41,0.24,0.43
Haus am See,Peter Fox,yeah yeah mhmh yeah hier bin ich geborn und laufe durch die straßen kenn die gesichter jedes haus und jeden laden ich muss ma weg kenn jede taube hier beim namn daumn raus ich warte auf ne schicke fra...,1,1,0,0,0,0,0,1,1.0,1.0,0.99,0.0,0.13,1.0,1.0,0.42,0.52,0.48,0.18,0.1,0.26,0.21,0.21,0.73
J'ai tout mon temps,Feu! Chatterton,pour que ma vie dure longtemps moi qui voulais vivre lentement pour retenir le temps jai fait du mieux que jai pu et même si lombre est venue figer mes pas ne ten fais pas jai tout mon temps tout mon ...,1,1,0,0,0,0,0,1,1.0,0.0,1.0,1.0,1.0,1.0,1.0,1.0,0.58,0.5,0.17,0.09,0.27,0.13,0.13,0.71
Treasure,Bruno Mars,baby squirrel yous a sexy motherfucker gimme your gimme your gimme your attention baby i gotta tell you a little somethin about yourself youre wonderful flawless ooh you a sexy lady but you walk aroun...,1,1,0,0,0,0,0,1,0.0,0.93,0.0,0.0,0.0,0.0,0.0,0.95,0.78,0.69,0.05,0.06,0.09,0.07,0.08,0.74
Shape Of You,Ed Sheeran,a club isnt the best place to find a lover so the bar is where i go mm me and my friends at the table doin shots drinkin fast and then we talk slow mm and you come over and start up a conversation wit...,1,1,0,0,0,0,0,1,0.0,1.0,0.0,0.0,0.0,0.0,0.0,0.02,0.8,0.7,0.04,0.06,0.11,0.08,0.08,0.67
Saw You In A Dream,The Japanese House,i saw you in a dream you had stayed the same you were beckoning me said that i had changed tried to keep my eyes closed i want you so bad then i awoke and it was so sad havent talked to you in months ...,0,0,0,0,1,0,0,1,0.0,0.3,0.0,0.0,0.0,0.0,0.0,0.0,0.47,0.47,0.28,0.81,0.76,0.18,0.09,0.38
Disco Yes,Tom Misch,i want to stay but i need to go i want to be the best for you but i just dont know what to do cause baby yes ive cried for you the time we have spent together riding through this english weather and a...,1,1,0,0,1,0,0,1,0.0,1.0,0.0,0.0,0.0,0.0,0.0,0.02,0.76,0.62,0.12,0.24,0.41,0.06,0.05,0.48
Creep,Radiohead,when you were here before couldnt look you in the eye youre just like an angel your skin makes me cry you float like a feather in a beautiful world i wish i was special youre so fuckin special but im ...,0,0,1,0,1,0,0,0,0.0,1.0,0.0,0.0,0.0,0.0,0.0,0.0,0.36,0.46,0.18,0.2,0.48,0.12,0.05,0.68
Hideaway,Jacob Collier,take me anywhere you wanna go you know that my love is strong in my hideaway softly like the calm that follows storm find what ive been searching for all along in my hideaway even when i close my eyes...,1,1,0,0,0,0,0,1,0.0,1.0,0.0,0.0,0.0,0.0,0.0,0.0,0.62,0.61,0.1,0.08,0.28,0.05,0.04,0.63
