,Standard_Trust,Standard_Disgust,Standard_Surprise,Standard_Sadness,Standard_Anticipation,Standard_Fear,Standard_Joy,Standard_Anger
Bad Romance,,,,,,,,
Beautiful Monster,,,,,,,,
Black Magic Woman,,,,,,,,
By Your Side,,,,,,,,
California Girls,,,,,,,,
I'm Calling You,,,,,,,,
Can't Get Enough Of You Baby,,,,,,,,
Careless Whisper,,,,,,,,
Come As You Are,,,,,,,,
Comfortably Numb,,,,,,,,
Dancing Queen,,,,,,,,
Don't Cry For Me Argentina,,,,,,,,
Do You Remember Rock n Roll Radio,,,,,,,,
Eleanor Rigby,,,,,,,,
Englishman in New York,,,,,,,,
Every Breath You Take,,,,,,,,
Fight For This Love,,,,,,,,
Fly Me To The Moon,,,,,,,,
Fragile,,,,,,,,
Happy Xmas (War Is Over),,,,,,,,
Heart of Gold,,,,,,,,
Help!,,,,,,,,
Hey Jude,,,,,,,,
Hey Soul Sister,,,,,,,,
Highway To Hell,,,,,,,,
Hollywood,,,,,,,,
Hotel California,,,,,,,,
I Can't Stop Loving You,,,,,,,,
I Don't Know How To Love Him,,,,,,,,
I Don't Want To Miss A Thing,,,,,,,,
If You Love Somebody Set Them Free,,,,,,,,
I Gotta Feeling,,,,,,,,
I Have A Dream,,,,,,,,
I'm On Fire,,,,,,,,
Jingle Bell Rock,,,,,,,,
Johnny B. Goode,,,,,,,,
Just The Way You Are,,,,,,,,
Layla Unplugged,,,,,,,,
Let It Be,,,,,,,,
Let It Snow,,,,,,,,
Little Wing,,,,,,,,
Maria Maria,,,,,,,,
Meet Me Halfway,,,,,,,,
Memories,,,,,,,,
Memory,,,,,,,,
More Than Words,,,,,,,,
Nowhere Man,,,,,,,,
Oh Happy Day,,,,,,,,
Only Girl,,,,,,,,
Pack Up,,,,,,,,
Penny Lane,,,,,,,,
People,,,,,,,,
Purple Rain,,,,,,,,
Rag Doll,,,,,,,,
Rain,,,,,,,,
Replay,,,,,,,,
Roadhouse Blues,,,,,,,,
Rock And Roll,,,,,,,,
Roxanne,,,,,,,,
Russians,,,,,,,,
Shame,,,,,,,,
Shape Of My Heart,,,,,,,,
Since I've Been Loving You,,,,,,,,
Smells Like Teen Spirit,,,,,,,,
Smoke On The Water,,,,,,,,
Smooth Operator,,,,,,,,
S.O.S.,,,,,,,,
Stairway To Heaven,,,,,,,,
Stay The Night,,,,,,,,
Stereo Love,,,,,,,,
Still Got The Blues,,,,,,,,
Strange Kind Of Woman,,,,,,,,
Sweet Home Alabama,,,,,,,,
Telephone,,,,,,,,
The Flood,,,,,,,,
The Joker,,,,,,,,
The Way We Were,,,,,,,,
The Winner Takes It All,,,,,,,,
Under The Bridge,,,,,,,,
Waka Waka,,,,,,,,
Well Well Well,,,,,,,,
White Knuckle Ride,,,,,,,,
Wish You Were Here,,,,,,,,
With A Little Help From My Friends,,,,,,,,
Woman In Love,,,,,,,,
Yesterday,,,,,,,,
You're Not Alone,,,,,,,,
Your Love Is King,,,,,,,,
You Shook Me All Night Long,,,,,,,,
A Hard Day's Night,,,,,,,,
Alejandro,,,,,,,,
All The Lovers,,,,,,,,
We Have All The Time In The World,,,,,,,,
All You Need Is Love,,,,,,,,
A Love So Beautiful,,,,,,,,
Always On My Mind,,,,,,,,
And I Love Her,,,,,,,,
A Night Like This,,,,,,,,
A Song For You,,,,,,,,
